issue_id,issue_type,status,story_points,assignee,reporter,created,updated,resolved,sprint_id,sprint_name,sprint_start,sprint_end,parent_id,labels,priority
A-1,story,Done,3,alex,pm1,2024-01-01T10:12:00Z,2024-01-05T12:00:00Z,2024-01-06T16:30:00Z,S1,Sprint 1 Jan 2024,2024-01-01T09:00:00Z,2024-01-14T17:00:00Z,,frontend,P3
A-2,story,Done,5,alex,pm1,2024-01-02T11:40:00Z,2024-01-07T13:10:00Z,2024-01-08T15:20:00Z,S1,Sprint 1 Jan 2024,2024-01-01T09:00:00Z,2024-01-14T17:00:00Z,,backend,P2
A-3,bug,Done,2,beth,qa1,2024-01-03T09:15:00Z,2024-01-04T17:45:00Z,2024-01-04T18:10:00Z,S1,Sprint 1 Jan 2024,2024-01-01T09:00:00Z,2024-01-14T17:00:00Z,,bug,P2
A-4,story,Done,8,chris,pm1,2024-01-02T14:00:00Z,2024-01-10T10:30:00Z,2024-01-12T16:00:00Z,S1,Sprint 1 Jan 2024,2024-01-01T09:00:00Z,2024-01-14T17:00:00Z,,api,P1
A-5,defect,Done,1,beth,qa1,2024-01-05T08:32:00Z,2024-01-06T10:00:00Z,2024-01-06T10:20:00Z,S1,Sprint 1 Jan 2024,2024-01-01T09:00:00Z,2024-01-14T17:00:00Z,,bug,P2
A-6,story,Done,3,alex,pm1,2024-01-06T13:25:00Z,2024-01-09T09:00:00Z,2024-01-09T16:40:00Z,S1,Sprint 1 Jan 2024,2024-01-01T09:00:00Z,2024-01-14T17:00:00Z,,frontend,P3
A-7,story,Done,5,chris,pm1,2024-01-03T12:05:00Z,2024-01-11T11:20:00Z,2024-01-11T15:50:00Z,S1,Sprint 1 Jan 2024,2024-01-01T09:00:00Z,2024-01-14T17:00:00Z,,backend,P2
A-8,story,Done,2,alex,pm1,2024-01-07T09:00:00Z,2024-01-13T13:15:00Z,2024-01-13T16:05:00Z,S1,Sprint 1 Jan 2024,2024-01-01T09:00:00Z,2024-01-14T17:00:00Z,,ui,P3
A-9,story,Done,5,chris,pm1,2024-01-04T11:30:00Z,2024-01-09T17:00:00Z,2024-01-10T14:10:00Z,S1,Sprint 1 Jan 2024,2024-01-01T09:00:00Z,2024-01-14T17:00:00Z,,api,P2
A-10,bug,Done,1,beth,qa1,2024-01-08T10:00:00Z,2024-01-08T12:00:00Z,2024-01-08T12:20:00Z,S1,Sprint 1 Jan 2024,2024-01-01T09:00:00Z,2024-01-14T17:00:00Z,,bug,P3
A-11,story,Done,3,alex,pm1,2024-01-02T09:10:00Z,2024-01-07T10:30:00Z,2024-01-07T16:45:00Z,S1,Sprint 1 Jan 2024,2024-01-01T09:00:00Z,2024-01-14T17:00:00Z,,frontend,P3
A-12,story,Done,8,chris,pm1,2024-01-05T14:45:00Z,2024-01-12T09:00:00Z,2024-01-12T15:25:00Z,S1,Sprint 1 Jan 2024,2024-01-01T09:00:00Z,2024-01-14T17:00:00Z,,backend,P1
A-13,story,Done,3,alex,pm1,2024-01-03T13:30:00Z,2024-01-13T10:00:00Z,2024-01-13T11:30:00Z,S1,Sprint 1 Jan 2024,2024-01-01T09:00:00Z,2024-01-14T17:00:00Z,,ui,P3
A-14,story,Done,5,chris,pm1,2024-01-04T10:05:00Z,2024-01-10T13:00:00Z,2024-01-10T16:10:00Z,S1,Sprint 1 Jan 2024,2024-01-01T09:00:00Z,2024-01-14T17:00:00Z,,api,P2
A-15,bug,Done,2,beth,qa1,2024-01-09T09:00:00Z,2024-01-09T10:30:00Z,2024-01-09T11:00:00Z,S1,Sprint 1 Jan 2024,2024-01-01T09:00:00Z,2024-01-14T17:00:00Z,,bug,P2
A-16,story,Done,3,alex,pm1,2024-01-06T11:11:00Z,2024-01-12T12:00:00Z,2024-01-12T16:30:00Z,S1,Sprint 1 Jan 2024,2024-01-01T09:00:00Z,2024-01-14T17:00:00Z,,backend,P3
A-17,story,Done,5,chris,pm1,2024-01-07T10:10:00Z,2024-01-13T09:20:00Z,2024-01-13T14:50:00Z,S1,Sprint 1 Jan 2024,2024-01-01T09:00:00Z,2024-01-14T17:00:00Z,,frontend,P2
A-18,story,Done,2,alex,pm1,2024-01-05T15:00:00Z,2024-01-06T15:45:00Z,2024-01-06T16:10:00Z,S1,Sprint 1 Jan 2024,2024-01-01T09:00:00Z,2024-01-14T17:00:00Z,,ui,P3
A-19,story,Done,3,chris,pm1,2024-01-03T09:30:00Z,2024-01-08T09:00:00Z,2024-01-08T16:00:00Z,S1,Sprint 1 Jan 2024,2024-01-01T09:00:00Z,2024-01-14T17:00:00Z,,api,P3
A-20,story,Done,5,alex,pm1,2024-01-04T13:00:00Z,2024-01-11T14:00:00Z,2024-01-11T16:30:00Z,S1,Sprint 1 Jan 2024,2024-01-01T09:00:00Z,2024-01-14T17:00:00Z,,backend,P2
A-21,story,Done,3,chris,pm1,2024-01-01T10:20:00Z,2024-01-07T15:10:00Z,2024-01-07T17:10:00Z,S1,Sprint 1 Jan 2024,2024-01-01T09:00:00Z,2024-01-14T17:00:00Z,,frontend,P3
A-22,bug,Done,1,beth,qa1,2024-01-10T09:45:00Z,2024-01-10T10:05:00Z,2024-01-10T10:10:00Z,S1,Sprint 1 Jan 2024,2024-01-01T09:00:00Z,2024-01-14T17:00:00Z,,bug,P3
A-23,story,Done,2,alex,pm1,2024-01-06T09:00:00Z,2024-01-12T10:00:00Z,2024-01-12T13:00:00Z,S1,Sprint 1 Jan 2024,2024-01-01T09:00:00Z,2024-01-14T17:00:00Z,,backend,P3
A-24,story,Done,3,chris,pm1,2024-01-02T16:20:00Z,2024-01-09T12:00:00Z,2024-01-09T16:20:00Z,S1,Sprint 1 Jan 2024,2024-01-01T09:00:00Z,2024-01-14T17:00:00Z,,api,P3
A-25,story,To Do,5,alex,pm1,2024-01-08T13:00:00Z,2024-01-13T09:00:00Z,,S1,Sprint 1 Jan 2024,2024-01-01T09:00:00Z,2024-01-14T17:00:00Z,,frontend,P2
A-26,story,Done,5,alex,pm1,2024-01-16T10:00:00Z,2024-01-20T12:00:00Z,2024-01-21T16:00:00Z,S2,Sprint 2 Jan 2024,2024-01-15T09:00:00Z,2024-01-28T17:00:00Z,,backend,P2
A-27,bug,Done,1,beth,qa1,2024-01-17T09:20:00Z,2024-01-17T10:00:00Z,2024-01-17T10:05:00Z,S2,Sprint 2 Jan 2024,2024-01-15T09:00:00Z,2024-01-28T17:00:00Z,,bug,P3
A-28,story,Done,8,chris,pm1,2024-01-18T14:10:00Z,2024-01-26T13:30:00Z,2024-01-26T16:00:00Z,S2,Sprint 2 Jan 2024,2024-01-15T09:00:00Z,2024-01-28T17:00:00Z,,api,P1
A-29,story,Done,3,alex,pm1,2024-01-19T10:40:00Z,2024-01-22T12:30:00Z,2024-01-22T15:10:00Z,S2,Sprint 2 Jan 2024,2024-01-15T09:00:00Z,2024-01-28T17:00:00Z,,frontend,P3
A-30,story,Done,5,chris,pm1,2024-01-20T11:00:00Z,2024-01-27T09:00:00Z,2024-01-27T11:35:00Z,S2,Sprint 2 Jan 2024,2024-01-15T09:00:00Z,2024-01-28T17:00:00Z,,backend,P2
A-31,defect,Done,2,beth,qa1,2024-01-18T09:00:00Z,2024-01-18T12:00:00Z,2024-01-18T12:40:00Z,S2,Sprint 2 Jan 2024,2024-01-15T09:00:00Z,2024-01-28T17:00:00Z,,bug,P2
A-32,story,Done,3,alex,pm1,2024-01-16T12:20:00Z,2024-01-24T16:10:00Z,2024-01-24T16:30:00Z,S2,Sprint 2 Jan 2024,2024-01-15T09:00:00Z,2024-01-28T17:00:00Z,,ui,P3
A-33,story,Done,2,chris,pm1,2024-01-21T09:15:00Z,2024-01-25T10:00:00Z,2024-01-25T14:00:00Z,S2,Sprint 2 Jan 2024,2024-01-15T09:00:00Z,2024-01-28T17:00:00Z,,api,P3
A-34,story,Done,5,alex,pm1,2024-01-22T10:05:00Z,2024-01-28T11:10:00Z,2024-01-28T15:40:00Z,S2,Sprint 2 Jan 2024,2024-01-15T09:00:00Z,2024-01-28T17:00:00Z,,backend,P2
A-35,bug,Done,1,beth,qa1,2024-01-23T11:00:00Z,2024-01-23T11:30:00Z,2024-01-23T11:45:00Z,S2,Sprint 2 Jan 2024,2024-01-15T09:00:00Z,2024-01-28T17:00:00Z,,bug,P3
A-36,story,Done,3,alex,pm1,2024-01-24T14:00:00Z,2024-01-27T15:00:00Z,2024-01-27T15:20:00Z,S2,Sprint 2 Jan 2024,2024-01-15T09:00:00Z,2024-01-28T17:00:00Z,,frontend,P3
A-37,story,Done,8,chris,pm1,2024-01-19T09:10:00Z,2024-01-26T09:00:00Z,2024-01-26T12:10:00Z,S2,Sprint 2 Jan 2024,2024-01-15T09:00:00Z,2024-01-28T17:00:00Z,,api,P1
A-38,story,Done,5,alex,pm1,2024-01-25T10:00:00Z,2024-01-27T10:30:00Z,2024-01-27T16:00:00Z,S2,Sprint 2 Jan 2024,2024-01-15T09:00:00Z,2024-01-28T17:00:00Z,,backend,P2
A-39,story,In Progress,3,chris,pm1,2024-01-20T13:00:00Z,2024-01-28T09:00:00Z,,S2,Sprint 2 Jan 2024,2024-01-15T09:00:00Z,2024-01-28T17:00:00Z,,frontend,P3
A-40,bug,Done,1,beth,qa1,2024-01-21T09:40:00Z,2024-01-21T10:00:00Z,2024-01-21T10:05:00Z,S2,Sprint 2 Jan 2024,2024-01-15T09:00:00Z,2024-01-28T17:00:00Z,,bug,P3
A-41,story,Done,3,alex,pm1,2024-01-29T10:00:00Z,2024-02-01T12:00:00Z,2024-02-01T16:30:00Z,S3,Sprint 3 Feb 2024,2024-01-29T09:00:00Z,2024-02-11T17:00:00Z,,frontend,P3
A-42,story,Done,5,chris,pm1,2024-01-30T11:40:00Z,2024-02-06T13:10:00Z,2024-02-07T15:20:00Z,S3,Sprint 3 Feb 2024,2024-01-29T09:00:00Z,2024-02-11T17:00:00Z,,backend,P2
A-43,bug,Done,2,beth,qa1,2024-02-01T09:15:00Z,2024-02-01T17:45:00Z,2024-02-01T18:10:00Z,S3,Sprint 3 Feb 2024,2024-01-29T09:00:00Z,2024-02-11T17:00:00Z,,bug,P2
A-44,story,Done,8,alex,pm1,2024-02-02T14:00:00Z,2024-02-09T10:30:00Z,2024-02-09T16:00:00Z,S3,Sprint 3 Feb 2024,2024-01-29T09:00:00Z,2024-02-11T17:00:00Z,,api,P1
A-45,defect,Done,1,beth,qa1,2024-02-03T08:32:00Z,2024-02-03T10:00:00Z,2024-02-03T10:20:00Z,S3,Sprint 3 Feb 2024,2024-01-29T09:00:00Z,2024-02-11T17:00:00Z,,bug,P2
A-46,story,Done,3,chris,pm1,2024-02-04T13:25:00Z,2024-02-09T09:00:00Z,2024-02-10T16:40:00Z,S3,Sprint 3 Feb 2024,2024-01-29T09:00:00Z,2024-02-11T17:00:00Z,,frontend,P3
A-47,story,Done,5,alex,pm1,2024-02-05T12:05:00Z,2024-02-10T11:20:00Z,2024-02-10T15:50:00Z,S3,Sprint 3 Feb 2024,2024-01-29T09:00:00Z,2024-02-11T17:00:00Z,,backend,P2
A-48,story,Done,2,chris,pm1,2024-02-06T09:00:00Z,2024-02-11T13:15:00Z,2024-02-11T16:05:00Z,S3,Sprint 3 Feb 2024,2024-01-29T09:00:00Z,2024-02-11T17:00:00Z,,ui,P3
A-49,story,Done,5,alex,pm1,2024-02-03T11:30:00Z,2024-02-07T17:00:00Z,2024-02-08T14:10:00Z,S3,Sprint 3 Feb 2024,2024-01-29T09:00:00Z,2024-02-11T17:00:00Z,,api,P2
A-50,bug,Done,1,beth,qa1,2024-02-07T10:00:00Z,2024-02-07T12:00:00Z,2024-02-07T12:20:00Z,S3,Sprint 3 Feb 2024,2024-01-29T09:00:00Z,2024-02-11T17:00:00Z,,bug,P3
A-51,story,Done,3,alex,pm1,2024-02-01T09:10:00Z,2024-02-05T10:30:00Z,2024-02-05T16:45:00Z,S3,Sprint 3 Feb 2024,2024-01-29T09:00:00Z,2024-02-11T17:00:00Z,,frontend,P3
A-52,story,Done,8,chris,pm1,2024-02-04T14:45:00Z,2024-02-10T09:00:00Z,2024-02-10T15:25:00Z,S3,Sprint 3 Feb 2024,2024-01-29T09:00:00Z,2024-02-11T17:00:00Z,,backend,P1
A-53,story,Done,3,alex,pm1,2024-02-02T13:30:00Z,2024-02-11T10:00:00Z,2024-02-11T11:30:00Z,S3,Sprint 3 Feb 2024,2024-01-29T09:00:00Z,2024-02-11T17:00:00Z,,ui,P3
A-54,story,Done,5,chris,pm1,2024-02-03T10:05:00Z,2024-02-09T13:00:00Z,2024-02-09T16:10:00Z,S3,Sprint 3 Feb 2024,2024-01-29T09:00:00Z,2024-02-11T17:00:00Z,,api,P2
A-55,bug,Done,2,beth,qa1,2024-02-08T09:00:00Z,2024-02-08T10:30:00Z,2024-02-08T11:00:00Z,S3,Sprint 3 Feb 2024,2024-01-29T09:00:00Z,2024-02-11T17:00:00Z,,bug,P2
A-56,story,Done,3,alex,pm1,2024-02-06T11:11:00Z,2024-02-10T12:00:00Z,2024-02-10T16:30:00Z,S3,Sprint 3 Feb 2024,2024-01-29T09:00:00Z,2024-02-11T17:00:00Z,,backend,P3
A-57,story,Done,5,chris,pm1,2024-02-07T10:10:00Z,2024-02-11T09:20:00Z,2024-02-11T14:50:00Z,S3,Sprint 3 Feb 2024,2024-01-29T09:00:00Z,2024-02-11T17:00:00Z,,frontend,P2
A-58,story,Done,2,alex,pm1,2024-02-05T15:00:00Z,2024-02-06T15:45:00Z,2024-02-06T16:10:00Z,S3,Sprint 3 Feb 2024,2024-01-29T09:00:00Z,2024-02-11T17:00:00Z,,ui,P3
A-59,story,Done,3,chris,pm1,2024-02-03T09:30:00Z,2024-02-08T09:00:00Z,2024-02-08T16:00:00Z,S3,Sprint 3 Feb 2024,2024-01-29T09:00:00Z,2024-02-11T17:00:00Z,,api,P3
A-60,story,Done,5,alex,pm1,2024-02-04T13:00:00Z,2024-02-10T14:00:00Z,2024-02-10T16:30:00Z,S3,Sprint 3 Feb 2024,2024-01-29T09:00:00Z,2024-02-11T17:00:00Z,,backend,P2
A-61,story,In Progress,5,alex,pm1,2024-02-06T13:00:00Z,2024-02-11T09:00:00Z,,S3,Sprint 3 Feb 2024,2024-01-29T09:00:00Z,2024-02-11T17:00:00Z,,frontend,P2
A-62,bug,Done,1,beth,qa1,2024-02-05T09:45:00Z,2024-02-05T10:05:00Z,2024-02-05T10:10:00Z,S3,Sprint 3 Feb 2024,2024-01-29T09:00:00Z,2024-02-11T17:00:00Z,,bug,P3
A-63,story,Done,3,alex,pm1,2024-02-12T10:00:00Z,2024-02-15T12:00:00Z,2024-02-16T16:30:00Z,S4,Sprint 4 Feb 2024,2024-02-12T09:00:00Z,2024-02-25T17:00:00Z,,frontend,P3
A-64,story,Done,5,chris,pm1,2024-02-13T11:40:00Z,2024-02-20T13:10:00Z,2024-02-20T15:20:00Z,S4,Sprint 4 Feb 2024,2024-02-12T09:00:00Z,2024-02-25T17:00:00Z,,backend,P2
A-65,bug,Done,2,beth,qa1,2024-02-14T09:15:00Z,2024-02-14T17:45:00Z,2024-02-14T18:10:00Z,S4,Sprint 4 Feb 2024,2024-02-12T09:00:00Z,2024-02-25T17:00:00Z,,bug,P2
A-66,story,Done,8,alex,pm1,2024-02-15T14:00:00Z,2024-02-23T10:30:00Z,2024-02-23T16:00:00Z,S4,Sprint 4 Feb 2024,2024-02-12T09:00:00Z,2024-02-25T17:00:00Z,,api,P1
A-67,defect,Done,1,beth,qa1,2024-02-16T08:32:00Z,2024-02-16T10:00:00Z,2024-02-16T10:20:00Z,S4,Sprint 4 Feb 2024,2024-02-12T09:00:00Z,2024-02-25T17:00:00Z,,bug,P2
A-68,story,Done,3,chris,pm1,2024-02-17T13:25:00Z,2024-02-22T09:00:00Z,2024-02-24T16:40:00Z,S4,Sprint 4 Feb 2024,2024-02-12T09:00:00Z,2024-02-25T17:00:00Z,,frontend,P3
A-69,story,Done,5,alex,pm1,2024-02-18T12:05:00Z,2024-02-24T11:20:00Z,2024-02-24T15:50:00Z,S4,Sprint 4 Feb 2024,2024-02-12T09:00:00Z,2024-02-25T17:00:00Z,,backend,P2
A-70,story,Done,2,chris,pm1,2024-02-19T09:00:00Z,2024-02-25T13:15:00Z,2024-02-25T16:05:00Z,S4,Sprint 4 Feb 2024,2024-02-12T09:00:00Z,2024-02-25T17:00:00Z,,ui,P3
A-71,story,Done,5,alex,pm1,2024-02-14T11:30:00Z,2024-02-20T17:00:00Z,2024-02-21T14:10:00Z,S4,Sprint 4 Feb 2024,2024-02-12T09:00:00Z,2024-02-25T17:00:00Z,,api,P2
A-72,bug,Done,1,beth,qa1,2024-02-20T10:00:00Z,2024-02-20T12:00:00Z,2024-02-20T12:20:00Z,S4,Sprint 4 Feb 2024,2024-02-12T09:00:00Z,2024-02-25T17:00:00Z,,bug,P3
A-73,story,Done,3,alex,pm1,2024-02-12T09:10:00Z,2024-02-18T10:30:00Z,2024-02-18T16:45:00Z,S4,Sprint 4 Feb 2024,2024-02-12T09:00:00Z,2024-02-25T17:00:00Z,,frontend,P3
A-74,story,Done,8,chris,pm1,2024-02-15T14:45:00Z,2024-02-24T09:00:00Z,2024-02-24T15:25:00Z,S4,Sprint 4 Feb 2024,2024-02-12T09:00:00Z,2024-02-25T17:00:00Z,,backend,P1
A-75,story,Done,3,alex,pm1,2024-02-13T13:30:00Z,2024-02-25T10:00:00Z,2024-02-25T11:30:00Z,S4,Sprint 4 Feb 2024,2024-02-12T09:00:00Z,2024-02-25T17:00:00Z,,ui,P3
A-76,story,Done,5,chris,pm1,2024-02-14T10:05:00Z,2024-02-22T13:00:00Z,2024-02-22T16:10:00Z,S4,Sprint 4 Feb 2024,2024-02-12T09:00:00Z,2024-02-25T17:00:00Z,,api,P2
A-77,bug,Done,2,beth,qa1,2024-02-21T09:00:00Z,2024-02-21T10:30:00Z,2024-02-21T11:00:00Z,S4,Sprint 4 Feb 2024,2024-02-12T09:00:00Z,2024-02-25T17:00:00Z,,bug,P2
A-78,story,Done,3,alex,pm1,2024-02-19T11:11:00Z,2024-02-24T12:00:00Z,2024-02-24T16:30:00Z,S4,Sprint 4 Feb 2024,2024-02-12T09:00:00Z,2024-02-25T17:00:00Z,,backend,P3
A-79,story,Done,5,chris,pm1,2024-02-20T10:10:00Z,2024-02-25T09:20:00Z,2024-02-25T14:50:00Z,S4,Sprint 4 Feb 2024,2024-02-12T09:00:00Z,2024-02-25T17:00:00Z,,frontend,P2
A-80,story,To Do,2,alex,pm1,2024-02-16T15:00:00Z,2024-02-24T15:45:00Z,,S4,Sprint 4 Feb 2024,2024-02-12T09:00:00Z,2024-02-25T17:00:00Z,,ui,P3
A-81,story,Done,5,alex,pm1,2024-02-26T10:00:00Z,2024-03-01T12:00:00Z,2024-03-02T16:00:00Z,S5,Sprint 5 Mar 2024,2024-02-26T09:00:00Z,2024-03-10T17:00:00Z,,backend,P2
A-82,bug,Done,1,beth,qa1,2024-02-27T09:20:00Z,2024-02-27T10:00:00Z,2024-02-27T10:05:00Z,S5,Sprint 5 Mar 2024,2024-02-26T09:00:00Z,2024-03-10T17:00:00Z,,bug,P3
A-83,story,Done,8,chris,pm1,2024-02-28T14:10:00Z,2024-03-07T13:30:00Z,2024-03-07T16:00:00Z,S5,Sprint 5 Mar 2024,2024-02-26T09:00:00Z,2024-03-10T17:00:00Z,,api,P1
A-84,story,Done,3,alex,pm1,2024-02-29T10:40:00Z,2024-03-04T12:30:00Z,2024-03-04T15:10:00Z,S5,Sprint 5 Mar 2024,2024-02-26T09:00:00Z,2024-03-10T17:00:00Z,,frontend,P3
A-85,story,Done,5,chris,pm1,2024-03-01T11:00:00Z,2024-03-08T09:00:00Z,2024-03-08T11:35:00Z,S5,Sprint 5 Mar 2024,2024-02-26T09:00:00Z,2024-03-10T17:00:00Z,,backend,P2
A-86,defect,Done,2,beth,qa1,2024-02-28T09:00:00Z,2024-02-28T12:00:00Z,2024-02-28T12:40:00Z,S5,Sprint 5 Mar 2024,2024-02-26T09:00:00Z,2024-03-10T17:00:00Z,,bug,P2
A-87,story,Done,3,alex,pm1,2024-02-26T12:20:00Z,2024-03-05T16:10:00Z,2024-03-05T16:30:00Z,S5,Sprint 5 Mar 2024,2024-02-26T09:00:00Z,2024-03-10T17:00:00Z,,ui,P3
A-88,story,Done,2,chris,pm1,2024-03-02T09:15:00Z,2024-03-06T10:00:00Z,2024-03-06T14:00:00Z,S5,Sprint 5 Mar 2024,2024-02-26T09:00:00Z,2024-03-10T17:00:00Z,,api,P3
A-89,story,Done,5,alex,pm1,2024-03-03T10:05:00Z,2024-03-10T11:10:00Z,2024-03-10T15:40:00Z,S5,Sprint 5 Mar 2024,2024-02-26T09:00:00Z,2024-03-10T17:00:00Z,,backend,P2
A-90,bug,Done,1,beth,qa1,2024-03-04T11:00:00Z,2024-03-04T11:30:00Z,2024-03-04T11:45:00Z,S5,Sprint 5 Mar 2024,2024-02-26T09:00:00Z,2024-03-10T17:00:00Z,,bug,P3
A-91,story,Done,3,alex,pm1,2024-03-05T14:00:00Z,2024-03-09T15:00:00Z,2024-03-09T15:20:00Z,S5,Sprint 5 Mar 2024,2024-02-26T09:00:00Z,2024-03-10T17:00:00Z,,frontend,P3
A-92,story,Done,8,chris,pm1,2024-03-01T09:10:00Z,2024-03-08T09:00:00Z,2024-03-08T12:10:00Z,S5,Sprint 5 Mar 2024,2024-02-26T09:00:00Z,2024-03-10T17:00:00Z,,api,P1
A-93,story,Done,5,alex,pm1,2024-03-06T10:00:00Z,2024-03-09T10:30:00Z,2024-03-09T16:00:00Z,S5,Sprint 5 Mar 2024,2024-02-26T09:00:00Z,2024-03-10T17:00:00Z,,backend,P2
A-94,story,In Progress,3,chris,pm1,2024-03-02T13:00:00Z,2024-03-10T09:00:00Z,,S5,Sprint 5 Mar 2024,2024-02-26T09:00:00Z,2024-03-10T17:00:00Z,,frontend,P3
A-95,bug,Done,1,beth,qa1,2024-03-03T09:40:00Z,2024-03-03T10:00:00Z,2024-03-03T10:05:00Z,S5,Sprint 5 Mar 2024,2024-02-26T09:00:00Z,2024-03-10T17:00:00Z,,bug,P3
A-96,story,Done,3,alex,pm1,2024-03-11T10:00:00Z,2024-03-15T12:00:00Z,2024-03-16T16:30:00Z,S6,Sprint 6 Mar 2024,2024-03-11T09:00:00Z,2024-03-24T17:00:00Z,,frontend,P3
A-97,story,Done,5,chris,pm1,2024-03-12T11:40:00Z,2024-03-20T13:10:00Z,2024-03-20T15:20:00Z,S6,Sprint 6 Mar 2024,2024-03-11T09:00:00Z,2024-03-24T17:00:00Z,,backend,P2
A-98,bug,Done,2,beth,qa1,2024-03-13T09:15:00Z,2024-03-13T17:45:00Z,2024-03-13T18:10:00Z,S6,Sprint 6 Mar 2024,2024-03-11T09:00:00Z,2024-03-24T17:00:00Z,,bug,P2
A-99,story,Done,8,alex,pm1,2024-03-14T14:00:00Z,2024-03-22T10:30:00Z,2024-03-22T16:00:00Z,S6,Sprint 6 Mar 2024,2024-03-11T09:00:00Z,2024-03-24T17:00:00Z,,api,P1
A-100,defect,Done,1,beth,qa1,2024-03-15T08:32:00Z,2024-03-15T10:00:00Z,2024-03-15T10:20:00Z,S6,Sprint 6 Mar 2024,2024-03-11T09:00:00Z,2024-03-24T17:00:00Z,,bug,P2
A-101,story,Done,3,chris,pm1,2024-03-16T13:25:00Z,2024-03-21T09:00:00Z,2024-03-23T16:40:00Z,S6,Sprint 6 Mar 2024,2024-03-11T09:00:00Z,2024-03-24T17:00:00Z,,frontend,P3
A-102,story,Done,5,alex,pm1,2024-03-17T12:05:00Z,2024-03-23T11:20:00Z,2024-03-23T15:50:00Z,S6,Sprint 6 Mar 2024,2024-03-11T09:00:00Z,2024-03-24T17:00:00Z,,backend,P2
A-103,story,Done,2,chris,pm1,2024-03-18T09:00:00Z,2024-03-24T13:15:00Z,2024-03-24T16:05:00Z,S6,Sprint 6 Mar 2024,2024-03-11T09:00:00Z,2024-03-24T17:00:00Z,,ui,P3
A-104,story,Done,5,alex,pm1,2024-03-14T11:30:00Z,2024-03-20T17:00:00Z,2024-03-21T14:10:00Z,S6,Sprint 6 Mar 2024,2024-03-11T09:00:00Z,2024-03-24T17:00:00Z,,api,P2
A-105,bug,Done,1,beth,qa1,2024-03-20T10:00:00Z,2024-03-20T12:00:00Z,2024-03-20T12:20:00Z,S6,Sprint 6 Mar 2024,2024-03-11T09:00:00Z,2024-03-24T17:00:00Z,,bug,P3
A-106,story,Done,3,alex,pm1,2024-03-12T09:10:00Z,2024-03-18T10:30:00Z,2024-03-18T16:45:00Z,S6,Sprint 6 Mar 2024,2024-03-11T09:00:00Z,2024-03-24T17:00:00Z,,frontend,P3
A-107,story,Done,8,chris,pm1,2024-03-15T14:45:00Z,2024-03-23T09:00:00Z,2024-03-23T15:25:00Z,S6,Sprint 6 Mar 2024,2024-03-11T09:00:00Z,2024-03-24T17:00:00Z,,backend,P1
A-108,story,Done,3,alex,pm1,2024-03-13T13:30:00Z,2024-03-24T10:00:00Z,2024-03-24T11:30:00Z,S6,Sprint 6 Mar 2024,2024-03-11T09:00:00Z,2024-03-24T17:00:00Z,,ui,P3
A-109,story,Done,5,chris,pm1,2024-03-14T10:05:00Z,2024-03-22T13:00:00Z,2024-03-22T16:10:00Z,S6,Sprint 6 Mar 2024,2024-03-11T09:00:00Z,2024-03-24T17:00:00Z,,api,P2
A-110,bug,Done,2,beth,qa1,2024-03-21T09:00:00Z,2024-03-21T10:30:00Z,2024-03-21T11:00:00Z,S6,Sprint 6 Mar 2024,2024-03-11T09:00:00Z,2024-03-24T17:00:00Z,,bug,P2
A-111,story,Done,3,alex,pm1,2024-03-19T11:11:00Z,2024-03-23T12:00:00Z,2024-03-23T16:30:00Z,S6,Sprint 6 Mar 2024,2024-03-11T09:00:00Z,2024-03-24T17:00:00Z,,backend,P3
A-112,story,Done,5,chris,pm1,2024-03-20T10:10:00Z,2024-03-24T09:20:00Z,2024-03-24T14:50:00Z,S6,Sprint 6 Mar 2024,2024-03-11T09:00:00Z,2024-03-24T17:00:00Z,,frontend,P2
A-113,story,To Do,2,alex,pm1,2024-03-16T15:00:00Z,2024-03-23T15:45:00Z,,S6,Sprint 6 Mar 2024,2024-03-11T09:00:00Z,2024-03-24T17:00:00Z,,ui,P3
A-114,bug,Done,1,beth,qa1,2024-03-18T09:45:00Z,2024-03-18T10:05:00Z,2024-03-18T10:10:00Z,S6,Sprint 6 Mar 2024,2024-03-11T09:00:00Z,2024-03-24T17:00:00Z,,bug,P3
A-115,story,Done,5,alex,pm1,2024-03-25T10:00:00Z,2024-03-29T12:00:00Z,2024-03-30T16:00:00Z,S7,Sprint 7 Apr 2024,2024-03-25T09:00:00Z,2024-04-07T17:00:00Z,,backend,P2
A-116,bug,Done,1,beth,qa1,2024-03-26T09:20:00Z,2024-03-26T10:00:00Z,2024-03-26T10:05:00Z,S7,Sprint 7 Apr 2024,2024-03-25T09:00:00Z,2024-04-07T17:00:00Z,,bug,P3
A-117,story,Done,8,chris,pm1,2024-03-27T14:10:00Z,2024-04-05T13:30:00Z,2024-04-05T16:00:00Z,S7,Sprint 7 Apr 2024,2024-03-25T09:00:00Z,2024-04-07T17:00:00Z,,api,P1
A-118,story,Done,3,alex,pm1,2024-03-28T10:40:00Z,2024-04-02T12:30:00Z,2024-04-02T15:10:00Z,S7,Sprint 7 Apr 2024,2024-03-25T09:00:00Z,2024-04-07T17:00:00Z,,frontend,P3
A-119,story,Done,5,chris,pm1,2024-03-29T11:00:00Z,2024-04-06T09:00:00Z,2024-04-06T11:35:00Z,S7,Sprint 7 Apr 2024,2024-03-25T09:00:00Z,2024-04-07T17:00:00Z,,backend,P2
A-120,defect,Done,2,beth,qa1,2024-03-27T09:00:00Z,2024-03-27T12:00:00Z,2024-03-27T12:40:00Z,S7,Sprint 7 Apr 2024,2024-03-25T09:00:00Z,2024-04-07T17:00:00Z,,bug,P2
A-121,story,Done,3,alex,pm1,2024-03-25T12:20:00Z,2024-04-03T16:10:00Z,2024-04-03T16:30:00Z,S7,Sprint 7 Apr 2024,2024-03-25T09:00:00Z,2024-04-07T17:00:00Z,,ui,P3
A-122,story,Done,2,chris,pm1,2024-03-31T09:15:00Z,2024-04-04T10:00:00Z,2024-04-04T14:00:00Z,S7,Sprint 7 Apr 2024,2024-03-25T09:00:00Z,2024-04-07T17:00:00Z,,api,P3
A-123,story,Done,5,alex,pm1,2024-04-01T10:05:00Z,2024-04-07T11:10:00Z,2024-04-07T15:40:00Z,S7,Sprint 7 Apr 2024,2024-03-25T09:00:00Z,2024-04-07T17:00:00Z,,backend,P2
A-124,bug,Done,1,beth,qa1,2024-04-02T11:00:00Z,2024-04-02T11:30:00Z,2024-04-02T11:45:00Z,S7,Sprint 7 Apr 2024,2024-03-25T09:00:00Z,2024-04-07T17:00:00Z,,bug,P3
A-125,story,Done,3,alex,pm1,2024-04-03T14:00:00Z,2024-04-06T15:00:00Z,2024-04-06T15:20:00Z,S7,Sprint 7 Apr 2024,2024-03-25T09:00:00Z,2024-04-07T17:00:00Z,,frontend,P3
A-126,story,Done,8,chris,pm1,2024-03-29T09:10:00Z,2024-04-05T09:00:00Z,2024-04-05T12:10:00Z,S7,Sprint 7 Apr 2024,2024-03-25T09:00:00Z,2024-04-07T17:00:00Z,,api,P1
A-127,story,Done,5,alex,pm1,2024-04-04T10:00:00Z,2024-04-06T10:30:00Z,2024-04-06T16:00:00Z,S7,Sprint 7 Apr 2024,2024-03-25T09:00:00Z,2024-04-07T17:00:00Z,,backend,P2
A-128,story,In Progress,3,chris,pm1,2024-03-31T13:00:00Z,2024-04-07T09:00:00Z,,S7,Sprint 7 Apr 2024,2024-03-25T09:00:00Z,2024-04-07T17:00:00Z,,frontend,P3
A-129,bug,Done,1,beth,qa1,2024-04-01T09:40:00Z,2024-04-01T10:00:00Z,2024-04-01T10:05:00Z,S7,Sprint 7 Apr 2024,2024-03-25T09:00:00Z,2024-04-07T17:00:00Z,,bug,P3
A-130,story,Done,5,alex,pm1,2024-04-08T10:00:00Z,2024-04-12T12:00:00Z,2024-04-13T16:00:00Z,S8,Sprint 8 Apr 2024,2024-04-08T09:00:00Z,2024-04-21T17:00:00Z,,backend,P2
A-131,bug,Done,1,beth,qa1,2024-04-09T09:20:00Z,2024-04-09T10:00:00Z,2024-04-09T10:05:00Z,S8,Sprint 8 Apr 2024,2024-04-08T09:00:00Z,2024-04-21T17:00:00Z,,bug,P3
A-132,story,Done,8,chris,pm1,2024-04-10T14:10:00Z,2024-04-19T13:30:00Z,2024-04-19T16:00:00Z,S8,Sprint 8 Apr 2024,2024-04-08T09:00:00Z,2024-04-21T17:00:00Z,,api,P1
A-133,story,Done,3,alex,pm1,2024-04-11T10:40:00Z,2024-04-16T12:30:00Z,2024-04-16T15:10:00Z,S8,Sprint 8 Apr 2024,2024-04-08T09:00:00Z,2024-04-21T17:00:00Z,,frontend,P3
A-134,story,Done,5,chris,pm1,2024-04-12T11:00:00Z,2024-04-20T09:00:00Z,2024-04-20T11:35:00Z,S8,Sprint 8 Apr 2024,2024-04-08T09:00:00Z,2024-04-21T17:00:00Z,,backend,P2
A-135,defect,Done,2,beth,qa1,2024-04-10T09:00:00Z,2024-04-10T12:00:00Z,2024-04-10T12:40:00Z,S8,Sprint 8 Apr 2024,2024-04-08T09:00:00Z,2024-04-21T17:00:00Z,,bug,P2
A-136,story,Done,3,alex,pm1,2024-04-08T12:20:00Z,2024-04-17T16:10:00Z,2024-04-17T16:30:00Z,S8,Sprint 8 Apr 2024,2024-04-08T09:00:00Z,2024-04-21T17:00:00Z,,ui,P3
A-137,story,Done,2,chris,pm1,2024-04-14T09:15:00Z,2024-04-18T10:00:00Z,2024-04-18T14:00:00Z,S8,Sprint 8 Apr 2024,2024-04-08T09:00:00Z,2024-04-21T17:00:00Z,,api,P3
A-138,story,Done,5,alex,pm1,2024-04-15T10:05:00Z,2024-04-21T11:10:00Z,2024-04-21T15:40:00Z,S8,Sprint 8 Apr 2024,2024-04-08T09:00:00Z,2024-04-21T17:00:00Z,,backend,P2
A-139,bug,Done,1,beth,qa1,2024-04-16T11:00:00Z,2024-04-16T11:30:00Z,2024-04-16T11:45:00Z,S8,Sprint 8 Apr 2024,2024-04-08T09:00:00Z,2024-04-21T17:00:00Z,,bug,P3
A-140,story,Done,3,alex,pm1,2024-04-17T14:00:00Z,2024-04-20T15:00:00Z,2024-04-20T15:20:00Z,S8,Sprint 8 Apr 2024,2024-04-08T09:00:00Z,2024-04-21T17:00:00Z,,frontend,P3
A-141,story,Done,8,chris,pm1,2024-04-12T09:10:00Z,2024-04-19T09:00:00Z,2024-04-19T12:10:00Z,S8,Sprint 8 Apr 2024,2024-04-08T09:00:00Z,2024-04-21T17:00:00Z,,api,P1
A-142,story,Done,5,alex,pm1,2024-04-18T10:00:00Z,2024-04-20T10:30:00Z,2024-04-20T16:00:00Z,S8,Sprint 8 Apr 2024,2024-04-08T09:00:00Z,2024-04-21T17:00:00Z,,backend,P2
A-143,story,In Progress,3,chris,pm1,2024-04-14T13:00:00Z,2024-04-21T09:00:00Z,,S8,Sprint 8 Apr 2024,2024-04-08T09:00:00Z,2024-04-21T17:00:00Z,,frontend,P3
A-144,bug,Done,1,beth,qa1,2024-04-15T09:40:00Z,2024-04-15T10:00:00Z,2024-04-15T10:05:00Z,S8,Sprint 8 Apr 2024,2024-04-08T09:00:00Z,2024-04-21T17:00:00Z,,bug,P3
A-145,story,Done,5,alex,pm1,2024-04-22T10:00:00Z,2024-04-26T12:00:00Z,2024-04-27T16:00:00Z,S9,Sprint 9 May 2024,2024-04-22T09:00:00Z,2024-05-05T17:00:00Z,,backend,P2
A-146,bug,Done,1,beth,qa1,2024-04-23T09:20:00Z,2024-04-23T10:00:00Z,2024-04-23T10:05:00Z,S9,Sprint 9 May 2024,2024-04-22T09:00:00Z,2024-05-05T17:00:00Z,,bug,P3
A-147,story,Done,8,chris,pm1,2024-04-24T14:10:00Z,2024-05-03T13:30:00Z,2024-05-03T16:00:00Z,S9,Sprint 9 May 2024,2024-04-22T09:00:00Z,2024-05-05T17:00:00Z,,api,P1
A-148,story,Done,3,alex,pm1,2024-04-25T10:40:00Z,2024-04-30T12:30:00Z,2024-04-30T15:10:00Z,S9,Sprint 9 May 2024,2024-04-22T09:00:00Z,2024-05-05T17:00:00Z,,frontend,P3
A-149,story,Done,5,chris,pm1,2024-04-26T11:00:00Z,2024-05-04T09:00:00Z,2024-05-04T11:35:00Z,S9,Sprint 9 May 2024,2024-04-22T09:00:00Z,2024-05-05T17:00:00Z,,backend,P2
A-150,defect,Done,2,beth,qa1,2024-04-24T09:00:00Z,2024-04-24T12:00:00Z,2024-04-24T12:40:00Z,S9,Sprint 9 May 2024,2024-04-22T09:00:00Z,2024-05-05T17:00:00Z,,bug,P2
A-151,story,Done,3,alex,pm1,2024-04-22T12:20:00Z,2024-05-01T16:10:00Z,2024-05-01T16:30:00Z,S9,Sprint 9 May 2024,2024-04-22T09:00:00Z,2024-05-05T17:00:00Z,,ui,P3
A-152,story,Done,2,chris,pm1,2024-04-28T09:15:00Z,2024-05-02T10:00:00Z,2024-05-02T14:00:00Z,S9,Sprint 9 May 2024,2024-04-22T09:00:00Z,2024-05-05T17:00:00Z,,api,P3
A-153,story,Done,5,alex,pm1,2024-04-29T10:05:00Z,2024-05-05T11:10:00Z,2024-05-05T15:40:00Z,S9,Sprint 9 May 2024,2024-04-22T09:00:00Z,2024-05-05T17:00:00Z,,backend,P2
A-154,bug,Done,1,beth,qa1,2024-04-30T11:00:00Z,2024-04-30T11:30:00Z,2024-04-30T11:45:00Z,S9,Sprint 9 May 2024,2024-04-22T09:00:00Z,2024-05-05T17:00:00Z,,bug,P3
A-155,story,Done,3,alex,pm1,2024-05-06T10:00:00Z,2024-05-10T12:00:00Z,2024-05-11T16:00:00Z,S10,Sprint 10 May 2024,2024-05-06T09:00:00Z,2024-05-19T17:00:00Z,,frontend,P3
A-156,bug,Done,1,beth,qa1,2024-05-07T09:20:00Z,2024-05-07T10:00:00Z,2024-05-07T10:05:00Z,S10,Sprint 10 May 2024,2024-05-06T09:00:00Z,2024-05-19T17:00:00Z,,bug,P3
A-157,story,Done,8,chris,pm1,2024-05-08T14:10:00Z,2024-05-17T13:30:00Z,2024-05-17T16:00:00Z,S10,Sprint 10 May 2024,2024-05-06T09:00:00Z,2024-05-19T17:00:00Z,,api,P1
A-158,story,Done,5,alex,pm1,2024-05-09T10:40:00Z,2024-05-14T12:30:00Z,2024-05-14T15:10:00Z,S10,Sprint 10 May 2024,2024-05-06T09:00:00Z,2024-05-19T17:00:00Z,,backend,P2
A-159,story,Done,3,chris,pm1,2024-05-10T11:00:00Z,2024-05-18T09:00:00Z,2024-05-18T11:35:00Z,S10,Sprint 10 May 2024,2024-05-06T09:00:00Z,2024-05-19T17:00:00Z,,frontend,P3
A-160,defect,Done,2,beth,qa1,2024-05-08T09:00:00Z,2024-05-08T12:00:00Z,2024-05-08T12:40:00Z,S10,Sprint 10 May 2024,2024-05-06T09:00:00Z,2024-05-19T17:00:00Z,,bug,P2
A-161,story,Done,3,alex,pm1,2024-05-06T12:20:00Z,2024-05-15T16:10:00Z,2024-05-15T16:30:00Z,S10,Sprint 10 May 2024,2024-05-06T09:00:00Z,2024-05-19T17:00:00Z,,ui,P3
A-162,story,Done,2,chris,pm1,2024-05-12T09:15:00Z,2024-05-16T10:00:00Z,2024-05-16T14:00:00Z,S10,Sprint 10 May 2024,2024-05-06T09:00:00Z,2024-05-19T17:00:00Z,,api,P3
A-163,story,Done,5,alex,pm1,2024-05-13T10:05:00Z,2024-05-19T11:10:00Z,2024-05-19T15:40:00Z,S10,Sprint 10 May 2024,2024-05-06T09:00:00Z,2024-05-19T17:00:00Z,,backend,P2
A-164,bug,Done,1,beth,qa1,2024-05-14T11:00:00Z,2024-05-14T11:30:00Z,2024-05-14T11:45:00Z,S10,Sprint 10 May 2024,2024-05-06T09:00:00Z,2024-05-19T17:00:00Z,,bug,P3
A-165,story,Done,3,alex,pm1,2024-05-15T14:00:00Z,2024-05-18T15:00:00Z,2024-05-18T15:20:00Z,S10,Sprint 10 May 2024,2024-05-06T09:00:00Z,2024-05-19T17:00:00Z,,frontend,P3
A-166,story,Done,8,chris,pm1,2024-05-11T09:10:00Z,2024-05-18T09:00:00Z,2024-05-18T12:10:00Z,S10,Sprint 10 May 2024,2024-05-06T09:00:00Z,2024-05-19T17:00:00Z,,api,P1
A-167,story,Done,5,alex,pm1,2024-05-16T10:00:00Z,2024-05-18T10:30:00Z,2024-05-18T16:00:00Z,S10,Sprint 10 May 2024,2024-05-06T09:00:00Z,2024-05-19T17:00:00Z,,backend,P2
A-168,story,In Progress,3,chris,pm1,2024-05-12T13:00:00Z,2024-05-19T09:00:00Z,,S10,Sprint 10 May 2024,2024-05-06T09:00:00Z,2024-05-19T17:00:00Z,,frontend,P3
A-169,bug,Done,1,beth,qa1,2024-05-13T09:40:00Z,2024-05-13T10:00:00Z,2024-05-13T10:05:00Z,S10,Sprint 10 May 2024,2024-05-06T09:00:00Z,2024-05-19T17:00:00Z,,bug,P3
A-170,story,Done,5,alex,pm1,2024-05-20T10:00:00Z,2024-05-24T12:00:00Z,2024-05-25T16:00:00Z,S11,Sprint 11 May 2024,2024-05-20T09:00:00Z,2024-06-02T17:00:00Z,,backend,P2
A-171,bug,Done,1,beth,qa1,2024-05-21T09:20:00Z,2024-05-21T10:00:00Z,2024-05-21T10:05:00Z,S11,Sprint 11 May 2024,2024-05-20T09:00:00Z,2024-06-02T17:00:00Z,,bug,P3
A-172,story,Done,8,chris,pm1,2024-05-22T14:10:00Z,2024-05-31T13:30:00Z,2024-05-31T16:00:00Z,S11,Sprint 11 May 2024,2024-05-20T09:00:00Z,2024-06-02T17:00:00Z,,api,P1
A-173,story,Done,3,alex,pm1,2024-05-23T10:40:00Z,2024-05-28T12:30:00Z,2024-05-28T15:10:00Z,S11,Sprint 11 May 2024,2024-05-20T09:00:00Z,2024-06-02T17:00:00Z,,frontend,P3
A-174,story,Done,5,chris,pm1,2024-05-24T11:00:00Z,2024-06-01T09:00:00Z,2024-06-01T11:35:00Z,S11,Sprint 11 May 2024,2024-05-20T09:00:00Z,2024-06-02T17:00:00Z,,backend,P2
A-175,defect,Done,2,beth,qa1,2024-05-22T09:00:00Z,2024-05-22T12:00:00Z,2024-05-22T12:40:00Z,S11,Sprint 11 May 2024,2024-05-20T09:00:00Z,2024-06-02T17:00:00Z,,bug,P2
A-176,story,Done,3,alex,pm1,2024-05-20T12:20:00Z,2024-05-29T16:10:00Z,2024-05-29T16:30:00Z,S11,Sprint 11 May 2024,2024-05-20T09:00:00Z,2024-06-02T17:00:00Z,,ui,P3
A-177,story,Done,2,chris,pm1,2024-05-26T09:15:00Z,2024-05-30T10:00:00Z,2024-05-30T14:00:00Z,S11,Sprint 11 May 2024,2024-05-20T09:00:00Z,2024-06-02T17:00:00Z,,api,P3
A-178,story,Done,5,alex,pm1,2024-05-27T10:05:00Z,2024-06-02T11:10:00Z,2024-06-02T15:40:00Z,S11,Sprint 11 May 2024,2024-05-20T09:00:00Z,2024-06-02T17:00:00Z,,backend,P2
A-179,bug,Done,1,beth,qa1,2024-05-28T11:00:00Z,2024-05-28T11:30:00Z,2024-05-28T11:45:00Z,S11,Sprint 11 May 2024,2024-05-20T09:00:00Z,2024-06-02T17:00:00Z,,bug,P3
A-180,story,Done,3,alex,pm1,2024-05-29T14:00:00Z,2024-06-01T15:00:00Z,2024-06-01T15:20:00Z,S11,Sprint 11 May 2024,2024-05-20T09:00:00Z,2024-06-02T17:00:00Z,,frontend,P3
A-181,story,Done,8,chris,pm1,2024-05-25T09:10:00Z,2024-06-01T09:00:00Z,2024-06-01T12:10:00Z,S11,Sprint 11 May 2024,2024-05-20T09:00:00Z,2024-06-02T17:00:00Z,,api,P1
A-182,story,Done,5,alex,pm1,2024-05-30T10:00:00Z,2024-06-01T10:30:00Z,2024-06-01T16:00:00Z,S11,Sprint 11 May 2024,2024-05-20T09:00:00Z,2024-06-02T17:00:00Z,,backend,P2
A-183,story,In Progress,3,chris,pm1,2024-05-26T13:00:00Z,2024-06-02T09:00:00Z,,S11,Sprint 11 May 2024,2024-05-20T09:00:00Z,2024-06-02T17:00:00Z,,frontend,P3
A-184,bug,Done,1,beth,qa1,2024-05-27T09:40:00Z,2024-05-27T10:00:00Z,2024-05-27T10:05:00Z,S11,Sprint 11 May 2024,2024-05-20T09:00:00Z,2024-06-02T17:00:00Z,,bug,P3
A-185,story,Done,5,alex,pm1,2024-06-03T10:00:00Z,2024-06-07T12:00:00Z,2024-06-08T16:00:00Z,S12,Sprint 12 Jun 2024,2024-06-03T09:00:00Z,2024-06-16T17:00:00Z,,backend,P2
A-186,bug,Done,1,beth,qa1,2024-06-04T09:20:00Z,2024-06-04T10:00:00Z,2024-06-04T10:05:00Z,S12,Sprint 12 Jun 2024,2024-06-03T09:00:00Z,2024-06-16T17:00:00Z,,bug,P3
A-187,story,Done,8,chris,pm1,2024-06-05T14:10:00Z,2024-06-14T13:30:00Z,2024-06-14T16:00:00Z,S12,Sprint 12 Jun 2024,2024-06-03T09:00:00Z,2024-06-16T17:00:00Z,,api,P1
A-188,story,Done,3,alex,pm1,2024-06-06T10:40:00Z,2024-06-11T12:30:00Z,2024-06-11T15:10:00Z,S12,Sprint 12 Jun 2024,2024-06-03T09:00:00Z,2024-06-16T17:00:00Z,,frontend,P3
A-189,story,Done,5,chris,pm1,2024-06-07T11:00:00Z,2024-06-15T09:00:00Z,2024-06-15T11:35:00Z,S12,Sprint 12 Jun 2024,2024-06-03T09:00:00Z,2024-06-16T17:00:00Z,,backend,P2
A-190,defect,Done,2,beth,qa1,2024-06-05T09:00:00Z,2024-06-05T12:00:00Z,2024-06-05T12:40:00Z,S12,Sprint 12 Jun 2024,2024-06-03T09:00:00Z,2024-06-16T17:00:00Z,,bug,P2
A-191,story,Done,3,alex,pm1,2024-06-03T12:20:00Z,2024-06-12T16:10:00Z,2024-06-12T16:30:00Z,S12,Sprint 12 Jun 2024,2024-06-03T09:00:00Z,2024-06-16T17:00:00Z,,ui,P3
A-192,story,Done,2,chris,pm1,2024-06-09T09:15:00Z,2024-06-13T10:00:00Z,2024-06-13T14:00:00Z,S12,Sprint 12 Jun 2024,2024-06-03T09:00:00Z,2024-06-16T17:00:00Z,,api,P3
A-193,story,Done,5,alex,pm1,2024-06-10T10:05:00Z,2024-06-16T11:10:00Z,2024-06-16T15:40:00Z,S12,Sprint 12 Jun 2024,2024-06-03T09:00:00Z,2024-06-16T17:00:00Z,,backend,P2
A-194,bug,Done,1,beth,qa1,2024-06-11T11:00:00Z,2024-06-11T11:30:00Z,2024-06-11T11:45:00Z,S12,Sprint 12 Jun 2024,2024-06-03T09:00:00Z,2024-06-16T17:00:00Z,,bug,P3
A-195,story,Done,3,alex,pm1,2024-06-12T14:00:00Z,2024-06-15T15:00:00Z,2024-06-15T15:20:00Z,S12,Sprint 12 Jun 2024,2024-06-03T09:00:00Z,2024-06-16T17:00:00Z,,frontend,P3
A-196,story,Done,8,chris,pm1,2024-06-08T09:10:00Z,2024-06-15T09:00:00Z,2024-06-15T12:10:00Z,S12,Sprint 12 Jun 2024,2024-06-03T09:00:00Z,2024-06-16T17:00:00Z,,api,P1
A-197,story,Done,5,alex,pm1,2024-06-13T10:00:00Z,2024-06-15T10:30:00Z,2024-06-15T16:00:00Z,S12,Sprint 12 Jun 2024,2024-06-03T09:00:00Z,2024-06-16T17:00:00Z,,backend,P2
A-198,story,In Progress,3,chris,pm1,2024-06-09T13:00:00Z,2024-06-16T09:00:00Z,,S12,Sprint 12 Jun 2024,2024-06-03T09:00:00Z,2024-06-16T17:00:00Z,,frontend,P3
A-199,bug,Done,1,beth,qa1,2024-06-10T09:40:00Z,2024-06-10T10:00:00Z,2024-06-10T10:05:00Z,S12,Sprint 12 Jun 2024,2024-06-03T09:00:00Z,2024-06-16T17:00:00Z,,bug,P3
A-200,story,Done,5,alex,pm1,2024-06-17T10:00:00Z,2024-06-21T12:00:00Z,2024-06-22T16:00:00Z,S13,Sprint 13 Jun 2024,2024-06-17T09:00:00Z,2024-06-30T17:00:00Z,,backend,P2
A-201,bug,Done,1,beth,qa1,2024-06-18T09:20:00Z,2024-06-18T10:00:00Z,2024-06-18T10:05:00Z,S13,Sprint 13 Jun 2024,2024-06-17T09:00:00Z,2024-06-30T17:00:00Z,,bug,P3
A-202,story,Done,8,chris,pm1,2024-06-19T14:10:00Z,2024-06-28T13:30:00Z,2024-06-28T16:00:00Z,S13,Sprint 13 Jun 2024,2024-06-17T09:00:00Z,2024-06-30T17:00:00Z,,api,P1
A-203,story,Done,3,alex,pm1,2024-06-20T10:40:00Z,2024-06-25T12:30:00Z,2024-06-25T15:10:00Z,S13,Sprint 13 Jun 2024,2024-06-17T09:00:00Z,2024-06-30T17:00:00Z,,frontend,P3
A-204,story,Done,5,chris,pm1,2024-06-21T11:00:00Z,2024-06-29T09:00:00Z,2024-06-29T11:35:00Z,S13,Sprint 13 Jun 2024,2024-06-17T09:00:00Z,2024-06-30T17:00:00Z,,backend,P2
A-205,defect,Done,2,beth,qa1,2024-06-19T09:00:00Z,2024-06-19T12:00:00Z,2024-06-19T12:40:00Z,S13,Sprint 13 Jun 2024,2024-06-17T09:00:00Z,2024-06-30T17:00:00Z,,bug,P2
A-206,story,Done,3,alex,pm1,2024-06-17T12:20:00Z,2024-06-26T16:10:00Z,2024-06-26T16:30:00Z,S13,Sprint 13 Jun 2024,2024-06-17T09:00:00Z,2024-06-30T17:00:00Z,,ui,P3
A-207,story,Done,2,chris,pm1,2024-06-23T09:15:00Z,2024-06-27T10:00:00Z,2024-06-27T14:00:00Z,S13,Sprint 13 Jun 2024,2024-06-17T09:00:00Z,2024-06-30T17:00:00Z,,api,P3
A-208,story,Done,5,alex,pm1,2024-06-24T10:05:00Z,2024-06-30T11:10:00Z,2024-06-30T15:40:00Z,S13,Sprint 13 Jun 2024,2024-06-17T09:00:00Z,2024-06-30T17:00:00Z,,backend,P2
A-209,bug,Done,1,beth,qa1,2024-06-25T11:00:00Z,2024-06-25T11:30:00Z,2024-06-25T11:45:00Z,S13,Sprint 13 Jun 2024,2024-06-17T09:00:00Z,2024-06-30T17:00:00Z,,bug,P3
A-210,story,Done,3,alex,pm1,2024-06-26T14:00:00Z,2024-06-29T15:00:00Z,2024-06-29T15:20:00Z,S13,Sprint 13 Jun 2024,2024-06-17T09:00:00Z,2024-06-30T17:00:00Z,,frontend,P3
A-211,story,Done,8,chris,pm1,2024-06-22T09:10:00Z,2024-06-29T09:00:00Z,2024-06-29T12:10:00Z,S13,Sprint 13 Jun 2024,2024-06-17T09:00:00Z,2024-06-30T17:00:00Z,,api,P1
A-212,story,Done,5,alex,pm1,2024-06-27T10:00:00Z,2024-06-29T10:30:00Z,2024-06-29T16:00:00Z,S13,Sprint 13 Jun 2024,2024-06-17T09:00:00Z,2024-06-30T17:00:00Z,,backend,P2
A-213,story,In Progress,3,chris,pm1,2024-06-23T13:00:00Z,2024-06-30T09:00:00Z,,S13,Sprint 13 Jun 2024,2024-06-17T09:00:00Z,2024-06-30T17:00:00Z,,frontend,P3
A-214,bug,Done,1,beth,qa1,2024-06-24T09:40:00Z,2024-06-24T10:00:00Z,2024-06-24T10:05:00Z,S13,Sprint 13 Jun 2024,2024-06-17T09:00:00Z,2024-06-30T17:00:00Z,,bug,P3
A-215,story,Done,5,alex,pm1,2024-07-01T10:00:00Z,2024-07-05T12:00:00Z,2024-07-06T16:00:00Z,S14,Sprint 14 Jul 2024,2024-07-01T09:00:00Z,2024-07-14T17:00:00Z,,backend,P2
A-216,bug,Done,1,beth,qa1,2024-07-02T09:20:00Z,2024-07-02T10:00:00Z,2024-07-02T10:05:00Z,S14,Sprint 14 Jul 2024,2024-07-01T09:00:00Z,2024-07-14T17:00:00Z,,bug,P3
A-217,story,Done,8,chris,pm1,2024-07-03T14:10:00Z,2024-07-12T13:30:00Z,2024-07-12T16:00:00Z,S14,Sprint 14 Jul 2024,2024-07-01T09:00:00Z,2024-07-14T17:00:00Z,,api,P1
A-218,story,Done,3,alex,pm1,2024-07-04T10:40:00Z,2024-07-09T12:30:00Z,2024-07-09T15:10:00Z,S14,Sprint 14 Jul 2024,2024-07-01T09:00:00Z,2024-07-14T17:00:00Z,,frontend,P3
A-219,story,Done,5,chris,pm1,2024-07-05T11:00:00Z,2024-07-13T09:00:00Z,2024-07-13T11:35:00Z,S14,Sprint 14 Jul 2024,2024-07-01T09:00:00Z,2024-07-14T17:00:00Z,,backend,P2
A-220,defect,Done,2,beth,qa1,2024-07-03T09:00:00Z,2024-07-03T12:00:00Z,2024-07-03T12:40:00Z,S14,Sprint 14 Jul 2024,2024-07-01T09:00:00Z,2024-07-14T17:00:00Z,,bug,P2
A-221,story,Done,3,alex,pm1,2024-07-01T12:20:00Z,2024-07-10T16:10:00Z,2024-07-10T16:30:00Z,S14,Sprint 14 Jul 2024,2024-07-01T09:00:00Z,2024-07-14T17:00:00Z,,ui,P3
A-222,story,Done,2,chris,pm1,2024-07-07T09:15:00Z,2024-07-11T10:00:00Z,2024-07-11T14:00:00Z,S14,Sprint 14 Jul 2024,2024-07-01T09:00:00Z,2024-07-14T17:00:00Z,,api,P3
A-223,story,Done,5,alex,pm1,2024-07-08T10:05:00Z,2024-07-14T11:10:00Z,2024-07-14T15:40:00Z,S14,Sprint 14 Jul 2024,2024-07-01T09:00:00Z,2024-07-14T17:00:00Z,,backend,P2
A-224,bug,Done,1,beth,qa1,2024-07-09T11:00:00Z,2024-07-09T11:30:00Z,2024-07-09T11:45:00Z,S14,Sprint 14 Jul 2024,2024-07-01T09:00:00Z,2024-07-14T17:00:00Z,,bug,P3
A-225,story,Done,3,alex,pm1,2024-07-10T14:00:00Z,2024-07-13T15:00:00Z,2024-07-13T15:20:00Z,S14,Sprint 14 Jul 2024,2024-07-01T09:00:00Z,2024-07-14T17:00:00Z,,frontend,P3
A-226,story,Done,8,chris,pm1,2024-07-06T09:10:00Z,2024-07-13T09:00:00Z,2024-07-13T12:10:00Z,S14,Sprint 14 Jul 2024,2024-07-01T09:00:00Z,2024-07-14T17:00:00Z,,api,P1
A-227,story,Done,5,alex,pm1,2024-07-11T10:00:00Z,2024-07-13T10:30:00Z,2024-07-13T16:00:00Z,S14,Sprint 14 Jul 2024,2024-07-01T09:00:00Z,2024-07-14T17:00:00Z,,backend,P2
A-228,story,In Progress,3,chris,pm1,2024-07-07T13:00:00Z,2024-07-14T09:00:00Z,,S14,Sprint 14 Jul 2024,2024-07-01T09:00:00Z,2024-07-14T17:00:00Z,,frontend,P3
A-229,bug,Done,1,beth,qa1,2024-07-08T09:40:00Z,2024-07-08T10:00:00Z,2024-07-08T10:05:00Z,S14,Sprint 14 Jul 2024,2024-07-01T09:00:00Z,2024-07-14T17:00:00Z,,bug,P3
A-230,story,Done,5,alex,pm1,2024-07-15T10:00:00Z,2024-07-19T12:00:00Z,2024-07-20T16:00:00Z,S15,Sprint 15 Jul 2024,2024-07-15T09:00:00Z,2024-07-28T17:00:00Z,,backend,P2
A-231,bug,Done,1,beth,qa1,2024-07-16T09:20:00Z,2024-07-16T10:00:00Z,2024-07-16T10:05:00Z,S15,Sprint 15 Jul 2024,2024-07-15T09:00:00Z,2024-07-28T17:00:00Z,,bug,P3
A-232,story,Done,8,chris,pm1,2024-07-17T14:10:00Z,2024-07-26T13:30:00Z,2024-07-26T16:00:00Z,S15,Sprint 15 Jul 2024,2024-07-15T09:00:00Z,2024-07-28T17:00:00Z,,api,P1
A-233,story,Done,3,alex,pm1,2024-07-18T10:40:00Z,2024-07-23T12:30:00Z,2024-07-23T15:10:00Z,S15,Sprint 15 Jul 2024,2024-07-15T09:00:00Z,2024-07-28T17:00:00Z,,frontend,P3
A-234,story,Done,5,chris,pm1,2024-07-19T11:00:00Z,2024-07-27T09:00:00Z,2024-07-27T11:35:00Z,S15,Sprint 15 Jul 2024,2024-07-15T09:00:00Z,2024-07-28T17:00:00Z,,backend,P2
A-235,defect,Done,2,beth,qa1,2024-07-17T09:00:00Z,2024-07-17T12:00:00Z,2024-07-17T12:40:00Z,S15,Sprint 15 Jul 2024,2024-07-15T09:00:00Z,2024-07-28T17:00:00Z,,bug,P2
A-236,story,Done,3,alex,pm1,2024-07-15T12:20:00Z,2024-07-24T16:10:00Z,2024-07-24T16:30:00Z,S15,Sprint 15 Jul 2024,2024-07-15T09:00:00Z,2024-07-28T17:00:00Z,,ui,P3
A-237,story,Done,2,chris,pm1,2024-07-21T09:15:00Z,2024-07-25T10:00:00Z,2024-07-25T14:00:00Z,S15,Sprint 15 Jul 2024,2024-07-15T09:00:00Z,2024-07-28T17:00:00Z,,api,P3
A-238,story,Done,5,alex,pm1,2024-07-22T10:05:00Z,2024-07-28T11:10:00Z,2024-07-28T15:40:00Z,S15,Sprint 15 Jul 2024,2024-07-15T09:00:00Z,2024-07-28T17:00:00Z,,backend,P2
A-239,bug,Done,1,beth,qa1,2024-07-23T11:00:00Z,2024-07-23T11:30:00Z,2024-07-23T11:45:00Z,S15,Sprint 15 Jul 2024,2024-07-15T09:00:00Z,2024-07-28T17:00:00Z,,bug,P3
A-240,story,Done,3,alex,pm1,2024-07-24T14:00:00Z,2024-07-27T15:00:00Z,2024-07-27T15:20:00Z,S15,Sprint 15 Jul 2024,2024-07-15T09:00:00Z,2024-07-28T17:00:00Z,,frontend,P3
A-241,story,Done,8,chris,pm1,2024-07-20T09:10:00Z,2024-07-27T09:00:00Z,2024-07-27T12:10:00Z,S15,Sprint 15 Jul 2024,2024-07-15T09:00:00Z,2024-07-28T17:00:00Z,,api,P1
A-242,story,Done,5,alex,pm1,2024-07-25T10:00:00Z,2024-07-27T10:30:00Z,2024-07-27T16:00:00Z,S15,Sprint 15 Jul 2024,2024-07-15T09:00:00Z,2024-07-28T17:00:00Z,,backend,P2
A-243,story,In Progress,3,chris,pm1,2024-07-21T13:00:00Z,2024-07-28T09:00:00Z,,S15,Sprint 15 Jul 2024,2024-07-15T09:00:00Z,2024-07-28T17:00:00Z,,frontend,P3
A-244,bug,Done,1,beth,qa1,2024-07-22T09:40:00Z,2024-07-22T10:00:00Z,2024-07-22T10:05:00Z,S15,Sprint 15 Jul 2024,2024-07-15T09:00:00Z,2024-07-28T17:00:00Z,,bug,P3
A-245,story,Done,5,alex,pm1,2024-07-29T10:00:00Z,2024-08-02T12:00:00Z,2024-08-03T16:00:00Z,S16,Sprint 16 Aug 2024,2024-07-29T09:00:00Z,2024-08-11T17:00:00Z,,backend,P2
A-246,bug,Done,1,beth,qa1,2024-07-30T09:20:00Z,2024-07-30T10:00:00Z,2024-07-30T10:05:00Z,S16,Sprint 16 Aug 2024,2024-07-29T09:00:00Z,2024-08-11T17:00:00Z,,bug,P3
A-247,story,Done,8,chris,pm1,2024-07-31T14:10:00Z,2024-08-09T13:30:00Z,2024-08-09T16:00:00Z,S16,Sprint 16 Aug 2024,2024-07-29T09:00:00Z,2024-08-11T17:00:00Z,,api,P1
A-248,story,Done,3,alex,pm1,2024-08-01T10:40:00Z,2024-08-06T12:30:00Z,2024-08-06T15:10:00Z,S16,Sprint 16 Aug 2024,2024-07-29T09:00:00Z,2024-08-11T17:00:00Z,,frontend,P3
A-249,story,Done,5,chris,pm1,2024-08-02T11:00:00Z,2024-08-10T09:00:00Z,2024-08-10T11:35:00Z,S16,Sprint 16 Aug 2024,2024-07-29T09:00:00Z,2024-08-11T17:00:00Z,,backend,P2
A-250,defect,Done,2,beth,qa1,2024-07-31T09:00:00Z,2024-07-31T12:00:00Z,2024-07-31T12:40:00Z,S16,Sprint 16 Aug 2024,2024-07-29T09:00:00Z,2024-08-11T17:00:00Z,,bug,P2
A-251,story,Done,3,alex,pm1,2024-07-29T12:20:00Z,2024-08-07T16:10:00Z,2024-08-07T16:30:00Z,S16,Sprint 16 Aug 2024,2024-07-29T09:00:00Z,2024-08-11T17:00:00Z,,ui,P3
A-252,story,Done,2,chris,pm1,2024-08-04T09:15:00Z,2024-08-08T10:00:00Z,2024-08-08T14:00:00Z,S16,Sprint 16 Aug 2024,2024-07-29T09:00:00Z,2024-08-11T17:00:00Z,,api,P3
A-253,story,Done,5,alex,pm1,2024-08-05T10:05:00Z,2024-08-11T11:10:00Z,2024-08-11T15:40:00Z,S16,Sprint 16 Aug 2024,2024-07-29T09:00:00Z,2024-08-11T17:00:00Z,,backend,P2
A-254,bug,Done,1,beth,qa1,2024-08-06T11:00:00Z,2024-08-06T11:30:00Z,2024-08-06T11:45:00Z,S16,Sprint 16 Aug 2024,2024-07-29T09:00:00Z,2024-08-11T17:00:00Z,,bug,P3
A-255,story,Done,3,alex,pm1,2024-08-07T14:00:00Z,2024-08-10T15:00:00Z,2024-08-10T15:20:00Z,S16,Sprint 16 Aug 2024,2024-07-29T09:00:00Z,2024-08-11T17:00:00Z,,frontend,P3
A-256,story,Done,8,chris,pm1,2024-08-03T09:10:00Z,2024-08-10T09:00:00Z,2024-08-10T12:10:00Z,S16,Sprint 16 Aug 2024,2024-07-29T09:00:00Z,2024-08-11T17:00:00Z,,api,P1
A-257,story,Done,5,alex,pm1,2024-08-08T10:00:00Z,2024-08-10T10:30:00Z,2024-08-10T16:00:00Z,S16,Sprint 16 Aug 2024,2024-07-29T09:00:00Z,2024-08-11T17:00:00Z,,backend,P2
A-258,story,In Progress,3,chris,pm1,2024-08-04T13:00:00Z,2024-08-11T09:00:00Z,,S16,Sprint 16 Aug 2024,2024-07-29T09:00:00Z,2024-08-11T17:00:00Z,,frontend,P3
A-259,bug,Done,1,beth,qa1,2024-08-05T09:40:00Z,2024-08-05T10:00:00Z,2024-08-05T10:05:00Z,S16,Sprint 16 Aug 2024,2024-07-29T09:00:00Z,2024-08-11T17:00:00Z,,bug,P3
A-260,story,Done,5,alex,pm1,2024-08-12T10:00:00Z,2024-08-16T12:00:00Z,2024-08-17T16:00:00Z,S17,Sprint 17 Aug 2024,2024-08-12T09:00:00Z,2024-08-25T17:00:00Z,,backend,P2
A-261,bug,Done,1,beth,qa1,2024-08-13T09:20:00Z,2024-08-13T10:00:00Z,2024-08-13T10:05:00Z,S17,Sprint 17 Aug 2024,2024-08-12T09:00:00Z,2024-08-25T17:00:00Z,,bug,P3
A-262,story,Done,8,chris,pm1,2024-08-14T14:10:00Z,2024-08-23T13:30:00Z,2024-08-23T16:00:00Z,S17,Sprint 17 Aug 2024,2024-08-12T09:00:00Z,2024-08-25T17:00:00Z,,api,P1
A-263,story,Done,3,alex,pm1,2024-08-15T10:40:00Z,2024-08-20T12:30:00Z,2024-08-20T15:10:00Z,S17,Sprint 17 Aug 2024,2024-08-12T09:00:00Z,2024-08-25T17:00:00Z,,frontend,P3
A-264,story,Done,5,chris,pm1,2024-08-16T11:00:00Z,2024-08-24T09:00:00Z,2024-08-24T11:35:00Z,S17,Sprint 17 Aug 2024,2024-08-12T09:00:00Z,2024-08-25T17:00:00Z,,backend,P2
A-265,defect,Done,2,beth,qa1,2024-08-14T09:00:00Z,2024-08-14T12:00:00Z,2024-08-14T12:40:00Z,S17,Sprint 17 Aug 2024,2024-08-12T09:00:00Z,2024-08-25T17:00:00Z,,bug,P2
A-266,story,Done,3,alex,pm1,2024-08-12T12:20:00Z,2024-08-21T16:10:00Z,2024-08-21T16:30:00Z,S17,Sprint 17 Aug 2024,2024-08-12T09:00:00Z,2024-08-25T17:00:00Z,,ui,P3
A-267,story,Done,2,chris,pm1,2024-08-18T09:15:00Z,2024-08-22T10:00:00Z,2024-08-22T14:00:00Z,S17,Sprint 17 Aug 2024,2024-08-12T09:00:00Z,2024-08-25T17:00:00Z,,api,P3
A-268,story,Done,5,alex,pm1,2024-08-19T10:05:00Z,2024-08-25T11:10:00Z,2024-08-25T15:40:00Z,S17,Sprint 17 Aug 2024,2024-08-12T09:00:00Z,2024-08-25T17:00:00Z,,backend,P2
A-269,bug,Done,1,beth,qa1,2024-08-20T11:00:00Z,2024-08-20T11:30:00Z,2024-08-20T11:45:00Z,S17,Sprint 17 Aug 2024,2024-08-12T09:00:00Z,2024-08-25T17:00:00Z,,bug,P3
A-270,story,Done,3,alex,pm1,2024-08-21T14:00:00Z,2024-08-24T15:00:00Z,2024-08-24T15:20:00Z,S17,Sprint 17 Aug 2024,2024-08-12T09:00:00Z,2024-08-25T17:00:00Z,,frontend,P3
A-271,story,Done,8,chris,pm1,2024-08-17T09:10:00Z,2024-08-24T09:00:00Z,2024-08-24T12:10:00Z,S17,Sprint 17 Aug 2024,2024-08-12T09:00:00Z,2024-08-25T17:00:00Z,,api,P1
A-272,story,Done,5,alex,pm1,2024-08-22T10:00:00Z,2024-08-24T10:30:00Z,2024-08-24T16:00:00Z,S17,Sprint 17 Aug 2024,2024-08-12T09:00:00Z,2024-08-25T17:00:00Z,,backend,P2
A-273,story,In Progress,3,chris,pm1,2024-08-18T13:00:00Z,2024-08-25T09:00:00Z,,S17,Sprint 17 Aug 2024,2024-08-12T09:00:00Z,2024-08-25T17:00:00Z,,frontend,P3
A-274,bug,Done,1,beth,qa1,2024-08-19T09:40:00Z,2024-08-19T10:00:00Z,2024-08-19T10:05:00Z,S17,Sprint 17 Aug 2024,2024-08-12T09:00:00Z,2024-08-25T17:00:00Z,,bug,P3
A-275,story,Done,5,alex,pm1,2024-08-26T10:00:00Z,2024-08-30T12:00:00Z,2024-08-31T16:00:00Z,S18,Sprint 18 Sep 2024,2024-08-26T09:00:00Z,2024-09-08T17:00:00Z,,backend,P2
A-276,bug,Done,1,beth,qa1,2024-08-27T09:20:00Z,2024-08-27T10:00:00Z,2024-08-27T10:05:00Z,S18,Sprint 18 Sep 2024,2024-08-26T09:00:00Z,2024-09-08T17:00:00Z,,bug,P3
A-277,story,Done,8,chris,pm1,2024-08-28T14:10:00Z,2024-09-06T13:30:00Z,2024-09-06T16:00:00Z,S18,Sprint 18 Sep 2024,2024-08-26T09:00:00Z,2024-09-08T17:00:00Z,,api,P1
A-278,story,Done,3,alex,pm1,2024-08-29T10:40:00Z,2024-09-03T12:30:00Z,2024-09-03T15:10:00Z,S18,Sprint 18 Sep 2024,2024-08-26T09:00:00Z,2024-09-08T17:00:00Z,,frontend,P3
A-279,story,Done,5,chris,pm1,2024-08-30T11:00:00Z,2024-09-07T09:00:00Z,2024-09-07T11:35:00Z,S18,Sprint 18 Sep 2024,2024-08-26T09:00:00Z,2024-09-08T17:00:00Z,,backend,P2
A-280,defect,Done,2,beth,qa1,2024-08-28T09:00:00Z,2024-08-28T12:00:00Z,2024-08-28T12:40:00Z,S18,Sprint 18 Sep 2024,2024-08-26T09:00:00Z,2024-09-08T17:00:00Z,,bug,P2
A-281,story,Done,3,alex,pm1,2024-08-26T12:20:00Z,2024-09-04T16:10:00Z,2024-09-04T16:30:00Z,S18,Sprint 18 Sep 2024,2024-08-26T09:00:00Z,2024-09-08T17:00:00Z,,ui,P3
A-282,story,Done,2,chris,pm1,2024-09-01T09:15:00Z,2024-09-05T10:00:00Z,2024-09-05T14:00:00Z,S18,Sprint 18 Sep 2024,2024-08-26T09:00:00Z,2024-09-08T17:00:00Z,,api,P3
A-283,story,Done,5,alex,pm1,2024-09-02T10:05:00Z,2024-09-08T11:10:00Z,2024-09-08T15:40:00Z,S18,Sprint 18 Sep 2024,2024-08-26T09:00:00Z,2024-09-08T17:00:00Z,,backend,P2
A-284,bug,Done,1,beth,qa1,2024-09-03T11:00:00Z,2024-09-03T11:30:00Z,2024-09-03T11:45:00Z,S18,Sprint 18 Sep 2024,2024-08-26T09:00:00Z,2024-09-08T17:00:00Z,,bug,P3
A-285,story,Done,3,alex,pm1,2024-09-04T14:00:00Z,2024-09-07T15:00:00Z,2024-09-07T15:20:00Z,S18,Sprint 18 Sep 2024,2024-08-26T09:00:00Z,2024-09-08T17:00:00Z,,frontend,P3
A-286,story,Done,8,chris,pm1,2024-08-31T09:10:00Z,2024-09-07T09:00:00Z,2024-09-07T12:10:00Z,S18,Sprint 18 Sep 2024,2024-08-26T09:00:00Z,2024-09-08T17:00:00Z,,api,P1
A-287,story,Done,5,alex,pm1,2024-09-05T10:00:00Z,2024-09-07T10:30:00Z,2024-09-07T16:00:00Z,S18,Sprint 18 Sep 2024,2024-08-26T09:00:00Z,2024-09-08T17:00:00Z,,backend,P2
A-288,story,In Progress,3,chris,pm1,2024-09-01T13:00:00Z,2024-09-08T09:00:00Z,,S18,Sprint 18 Sep 2024,2024-08-26T09:00:00Z,2024-09-08T17:00:00Z,,frontend,P3
A-289,bug,Done,1,beth,qa1,2024-09-02T09:40:00Z,2024-09-02T10:00:00Z,2024-09-02T10:05:00Z,S18,Sprint 18 Sep 2024,2024-08-26T09:00:00Z,2024-09-08T17:00:00Z,,bug,P3
A-290,story,Done,5,alex,pm1,2024-09-09T10:00:00Z,2024-09-13T12:00:00Z,2024-09-14T16:00:00Z,S19,Sprint 19 Sep 2024,2024-09-09T09:00:00Z,2024-09-22T17:00:00Z,,backend,P2
A-291,bug,Done,1,beth,qa1,2024-09-10T09:20:00Z,2024-09-10T10:00:00Z,2024-09-10T10:05:00Z,S19,Sprint 19 Sep 2024,2024-09-09T09:00:00Z,2024-09-22T17:00:00Z,,bug,P3
A-292,story,Done,8,chris,pm1,2024-09-11T14:10:00Z,2024-09-20T13:30:00Z,2024-09-20T16:00:00Z,S19,Sprint 19 Sep 2024,2024-09-09T09:00:00Z,2024-09-22T17:00:00Z,,api,P1
A-293,story,Done,3,alex,pm1,2024-09-12T10:40:00Z,2024-09-17T12:30:00Z,2024-09-17T15:10:00Z,S19,Sprint 19 Sep 2024,2024-09-09T09:00:00Z,2024-09-22T17:00:00Z,,frontend,P3
A-294,story,Done,5,chris,pm1,2024-09-13T11:00:00Z,2024-09-21T09:00:00Z,2024-09-21T11:35:00Z,S19,Sprint 19 Sep 2024,2024-09-09T09:00:00Z,2024-09-22T17:00:00Z,,backend,P2
A-295,defect,Done,2,beth,qa1,2024-09-11T09:00:00Z,2024-09-11T12:00:00Z,2024-09-11T12:40:00Z,S19,Sprint 19 Sep 2024,2024-09-09T09:00:00Z,2024-09-22T17:00:00Z,,bug,P2
A-296,story,Done,3,alex,pm1,2024-09-09T12:20:00Z,2024-09-18T16:10:00Z,2024-09-18T16:30:00Z,S19,Sprint 19 Sep 2024,2024-09-09T09:00:00Z,2024-09-22T17:00:00Z,,ui,P3
A-297,story,Done,2,chris,pm1,2024-09-15T09:15:00Z,2024-09-19T10:00:00Z,2024-09-19T14:00:00Z,S19,Sprint 19 Sep 2024,2024-09-09T09:00:00Z,2024-09-22T17:00:00Z,,api,P3
A-298,story,Done,5,alex,pm1,2024-09-16T10:05:00Z,2024-09-22T11:10:00Z,2024-09-22T15:40:00Z,S19,Sprint 19 Sep 2024,2024-09-09T09:00:00Z,2024-09-22T17:00:00Z,,backend,P2
A-299,bug,Done,1,beth,qa1,2024-09-17T11:00:00Z,2024-09-17T11:30:00Z,2024-09-17T11:45:00Z,S19,Sprint 19 Sep 2024,2024-09-09T09:00:00Z,2024-09-22T17:00:00Z,,bug,P3
A-300,story,Done,3,alex,pm1,2024-09-18T14:00:00Z,2024-09-21T15:00:00Z,2024-09-21T15:20:00Z,S19,Sprint 19 Sep 2024,2024-09-09T09:00:00Z,2024-09-22T17:00:00Z,,frontend,P3

